iso3,country,fertility_rate,gdp_per_capita_ppp,region,income_level,year,fertility_source,gdp_source,country_metadata_source
AFG,Afghanistan,4.761,2236.19907311431,"Middle East, North Africa, Afghanistan & Pakistan",Low income,2024,https://api.worldbank.org/v2/country/all/indicator/SP.DYN.TFRT.IN?date=2024&format=json&per_page=20000,https://api.worldbank.org/v2/country/all/indicator/NY.GDP.PCAP.PP.CD?date=2024&format=json&per_page=20000,https://api.worldbank.org/v2/country?format=json&per_page=20000
ALB,Albania,1.341,26701.7649330157,Europe & Central Asia,Upper middle income,2024,https://api.worldbank.org/v2/country/all/indicator/SP.DYN.TFRT.IN?date=2024&format=json&per_page=20000,https://api.worldbank.org/v2/country/all/indicator/NY.GDP.PCAP.PP.CD?date=2024&format=json&per_page=20000,https://api.worldbank.org/v2/country?format=json&per_page=20000
DZA,Algeria,2.723,17646.332598878,"Middle East, North Africa, Afghanistan & Pakistan",Upper middle income,2024,https://api.worldbank.org/v2/country/all/indicator/SP.DYN.TFRT.IN?date=2024&format=json&per_page=20000,https://api.worldbank.org/v2/country/all/indicator/NY.GDP.PCAP.PP.CD?date=2024&format=json&per_page=20000,https://api.worldbank.org/v2/country?format=json&per_page=20000
ASM,American Samoa,2.267,,East Asia & Pacific,High income,2024,https://api.worldbank.org/v2/country/all/indicator/SP.DYN.TFRT.IN?date=2024&format=json&per_page=20000,https://api.worldbank.org/v2/country/all/indicator/NY.GDP.PCAP.PP.CD?date=2024&format=json&per_page=20000,https://api.worldbank.org/v2/country?format=json&per_page=20000
AND,Andorra,1.087,75394.8581564469,Europe & Central Asia,High income,2024,https://api.worldbank.org/v2/country/all/indicator/SP.DYN.TFRT.IN?date=2024&format=json&per_page=20000,https://api.worldbank.org/v2/country/all/indicator/NY.GDP.PCAP.PP.CD?date=2024&format=json&per_page=20000,https://api.worldbank.org/v2/country?format=json&per_page=20000
AGO,Angola,5.048,9963.59020874287,Sub-Saharan Africa ,Lower middle income,2024,https://api.worldbank.org/v2/country/all/indicator/SP.DYN.TFRT.IN?date=2024&format=json&per_page=20000,https://api.worldbank.org/v2/country/all/indicator/NY.GDP.PCAP.PP.CD?date=2024&format=json&per_page=20000,https://api.worldbank.org/v2/country?format=json&per_page=20000
ATG,Antigua and Barbuda,1.582,33351.5904481886,Latin America & Caribbean ,High income,2024,https://api.worldbank.org/v2/country/all/indicator/SP.DYN.TFRT.IN?date=2024&format=json&per_page=20000,https://api.worldbank.org/v2/country/all/indicator/NY.GDP.PCAP.PP.CD?date=2024&format=json&per_page=20000,https://api.worldbank.org/v2/country?format=json&per_page=20000
ARG,Argentina,1.504,30475.3876517556,Latin America & Caribbean ,Upper middle income,2024,https://api.worldbank.org/v2/country/all/indicator/SP.DYN.TFRT.IN?date=2024&format=json&per_page=20000,https://api.worldbank.org/v2/country/all/indicator/NY.GDP.PCAP.PP.CD?date=2024&format=json&per_page=20000,https://api.worldbank.org/v2/country?format=json&per_page=20000
ARM,Armenia,1.7,22856.32510991,Europe & Central Asia,Upper middle income,2024,https://api.worldbank.org/v2/country/all/indicator/SP.DYN.TFRT.IN?date=2024&format=json&per_page=20000,https://api.worldbank.org/v2/country/all/indicator/NY.GDP.PCAP.PP.CD?date=2024&format=json&per_page=20000,https://api.worldbank.org/v2/country?format=json&per_page=20000
ABW,Aruba,1.606,51712.1531358934,Latin America & Caribbean ,High income,2024,https://api.worldbank.org/v2/country/all/indicator/SP.DYN.TFRT.IN?date=2024&format=json&per_page=20000,https://api.worldbank.org/v2/country/all/indicator/NY.GDP.PCAP.PP.CD?date=2024&format=json&per_page=20000,https://api.worldbank.org/v2/country?format=json&per_page=20000
AUS,Australia,1.481,72117.8826659555,East Asia & Pacific,High income,2024,https://api.worldbank.org/v2/country/all/indicator/SP.DYN.TFRT.IN?date=2024&format=json&per_page=20000,https://api.worldbank.org/v2/country/all/indicator/NY.GDP.PCAP.PP.CD?date=2024&format=json&per_page=20000,https://api.worldbank.org/v2/country?format=json&per_page=20000
AUT,Austria,1.31,75774.4136543206,Europe & Central Asia,High income,2024,https://api.worldbank.org/v2/country/all/indicator/SP.DYN.TFRT.IN?date=2024&format=json&per_page=20000,https://api.worldbank.org/v2/country/all/indicator/NY.GDP.PCAP.PP.CD?date=2024&format=json&per_page=20000,https://api.worldbank.org/v2/country?format=json&per_page=20000
AZE,Azerbaijan,1.43,25146.3588844273,Europe & Central Asia,Upper middle income,2024,https://api.worldbank.org/v2/country/all/indicator/SP.DYN.TFRT.IN?date=2024&format=json&per_page=20000,https://api.worldbank.org/v2/country/all/indicator/NY.GDP.PCAP.PP.CD?date=2024&format=json&per_page=20000,https://api.worldbank.org/v2/country?format=json&per_page=20000
BHS,"Bahamas, The",1.374,41257.7650774105,Latin America & Caribbean ,High income,2024,https://api.worldbank.org/v2/country/all/indicator/SP.DYN.TFRT.IN?date=2024&format=json&per_page=20000,https://api.worldbank.org/v2/country/all/indicator/NY.GDP.PCAP.PP.CD?date=2024&format=json&per_page=20000,https://api.worldbank.org/v2/country?format=json&per_page=20000
BHR,Bahrain,1.805,67230.1000247874,"Middle East, North Africa, Afghanistan & Pakistan",High income,2024,https://api.worldbank.org/v2/country/all/indicator/SP.DYN.TFRT.IN?date=2024&format=json&per_page=20000,https://api.worldbank.org/v2/country/all/indicator/NY.GDP.PCAP.PP.CD?date=2024&format=json&per_page=20000,https://api.worldbank.org/v2/country?format=json&per_page=20000
BGD,Bangladesh,2.138,9660.77962818873,South Asia,Lower middle income,2024,https://api.worldbank.org/v2/country/all/indicator/SP.DYN.TFRT.IN?date=2024&format=json&per_page=20000,https://api.worldbank.org/v2/country/all/indicator/NY.GDP.PCAP.PP.CD?date=2024&format=json&per_page=20000,https://api.worldbank.org/v2/country?format=json&per_page=20000
BRB,Barbados,1.708,24539.6254147583,Latin America & Caribbean ,High income,2024,https://api.worldbank.org/v2/country/all/indicator/SP.DYN.TFRT.IN?date=2024&format=json&per_page=20000,https://api.worldbank.org/v2/country/all/indicator/NY.GDP.PCAP.PP.CD?date=2024&format=json&per_page=20000,https://api.worldbank.org/v2/country?format=json&per_page=20000
BLR,Belarus,1.217,33166.3827902975,Europe & Central Asia,Upper middle income,2024,https://api.worldbank.org/v2/country/all/indicator/SP.DYN.TFRT.IN?date=2024&format=json&per_page=20000,https://api.worldbank.org/v2/country/all/indicator/NY.GDP.PCAP.PP.CD?date=2024&format=json&per_page=20000,https://api.worldbank.org/v2/country?format=json&per_page=20000
BEL,Belgium,1.44,74224.5510568017,Europe & Central Asia,High income,2024,https://api.worldbank.org/v2/country/all/indicator/SP.DYN.TFRT.IN?date=2024&format=json&per_page=20000,https://api.worldbank.org/v2/country/all/indicator/NY.GDP.PCAP.PP.CD?date=2024&format=json&per_page=20000,https://api.worldbank.org/v2/country?format=json&per_page=20000
BLZ,Belize,2.021,14367.3539278152,Latin America & Caribbean ,Upper middle income,2024,https://api.worldbank.org/v2/country/all/indicator/SP.DYN.TFRT.IN?date=2024&format=json&per_page=20000,https://api.worldbank.org/v2/country/all/indicator/NY.GDP.PCAP.PP.CD?date=2024&format=json&per_page=20000,https://api.worldbank.org/v2/country?format=json&per_page=20000
BEN,Benin,4.48,4441.00443511982,Sub-Saharan Africa ,Lower middle income,2024,https://api.worldbank.org/v2/country/all/indicator/SP.DYN.TFRT.IN?date=2024&format=json&per_page=20000,https://api.worldbank.org/v2/country/all/indicator/NY.GDP.PCAP.PP.CD?date=2024&format=json&per_page=20000,https://api.worldbank.org/v2/country?format=json&per_page=20000
BMU,Bermuda,1.405,118727.973294368,North America,High income,2024,https://api.worldbank.org/v2/country/all/indicator/SP.DYN.TFRT.IN?date=2024&format=json&per_page=20000,https://api.worldbank.org/v2/country/all/indicator/NY.GDP.PCAP.PP.CD?date=2024&format=json&per_page=20000,https://api.worldbank.org/v2/country?format=json&per_page=20000
BTN,Bhutan,1.449,17762.4053956096,South Asia,Lower middle income,2024,https://api.worldbank.org/v2/country/all/indicator/SP.DYN.TFRT.IN?date=2024&format=json&per_page=20000,https://api.worldbank.org/v2/country/all/indicator/NY.GDP.PCAP.PP.CD?date=2024&format=json&per_page=20000,https://api.worldbank.org/v2/country?format=json&per_page=20000
BOL,Bolivia,2.523,12896.3370149215,Latin America & Caribbean ,Lower middle income,2024,https://api.worldbank.org/v2/country/all/indicator/SP.DYN.TFRT.IN?date=2024&format=json&per_page=20000,https://api.worldbank.org/v2/country/all/indicator/NY.GDP.PCAP.PP.CD?date=2024&format=json&per_page=20000,https://api.worldbank.org/v2/country?format=json&per_page=20000
BIH,Bosnia and Herzegovina,1.492,25148.0128390147,Europe & Central Asia,Upper middle income,2024,https://api.worldbank.org/v2/country/all/indicator/SP.DYN.TFRT.IN?date=2024&format=json&per_page=20000,https://api.worldbank.org/v2/country/all/indicator/NY.GDP.PCAP.PP.CD?date=2024&format=json&per_page=20000,https://api.worldbank.org/v2/country?format=json&per_page=20000
BWA,Botswana,2.703,20612.4785435561,Sub-Saharan Africa ,Upper middle income,2024,https://api.worldbank.org/v2/country/all/indicator/SP.DYN.TFRT.IN?date=2024&format=json&per_page=20000,https://api.worldbank.org/v2/country/all/indicator/NY.GDP.PCAP.PP.CD?date=2024&format=json&per_page=20000,https://api.worldbank.org/v2/country?format=json&per_page=20000
BRA,Brazil,1.614,22370.9182253225,Latin America & Caribbean ,Upper middle income,2024,https://api.worldbank.org/v2/country/all/indicator/SP.DYN.TFRT.IN?date=2024&format=json&per_page=20000,https://api.worldbank.org/v2/country/all/indicator/NY.GDP.PCAP.PP.CD?date=2024&format=json&per_page=20000,https://api.worldbank.org/v2/country?format=json&per_page=20000
VGB,British Virgin Islands,1.048,,Latin America & Caribbean ,High income,2024,https://api.worldbank.org/v2/country/all/indicator/SP.DYN.TFRT.IN?date=2024&format=json&per_page=20000,https://api.worldbank.org/v2/country/all/indicator/NY.GDP.PCAP.PP.CD?date=2024&format=json&per_page=20000,https://api.worldbank.org/v2/country?format=json&per_page=20000
BRN,Brunei Darussalam,1.731,90009.8912498003,East Asia & Pacific,High income,2024,https://api.worldbank.org/v2/country/all/indicator/SP.DYN.TFRT.IN?date=2024&format=json&per_page=20000,https://api.worldbank.org/v2/country/all/indicator/NY.GDP.PCAP.PP.CD?date=2024&format=json&per_page=20000,https://api.worldbank.org/v2/country?format=json&per_page=20000
BGR,Bulgaria,1.72,41969.595471884,Europe & Central Asia,High income,2024,https://api.worldbank.org/v2/country/all/indicator/SP.DYN.TFRT.IN?date=2024&format=json&per_page=20000,https://api.worldbank.org/v2/country/all/indicator/NY.GDP.PCAP.PP.CD?date=2024&format=json&per_page=20000,https://api.worldbank.org/v2/country?format=json&per_page=20000
BFA,Burkina Faso,4.11,2901.04214238045,Sub-Saharan Africa ,Low income,2024,https://api.worldbank.org/v2/country/all/indicator/SP.DYN.TFRT.IN?date=2024&format=json&per_page=20000,https://api.worldbank.org/v2/country/all/indicator/NY.GDP.PCAP.PP.CD?date=2024&format=json&per_page=20000,https://api.worldbank.org/v2/country?format=json&per_page=20000
BDI,Burundi,4.789,1193.03528498996,Sub-Saharan Africa ,Low income,2024,https://api.worldbank.org/v2/country/all/indicator/SP.DYN.TFRT.IN?date=2024&format=json&per_page=20000,https://api.worldbank.org/v2/country/all/indicator/NY.GDP.PCAP.PP.CD?date=2024&format=json&per_page=20000,https://api.worldbank.org/v2/country?format=json&per_page=20000
CPV,Cabo Verde,1.511,11184.7207350908,Sub-Saharan Africa ,Upper middle income,2024,https://api.worldbank.org/v2/country/all/indicator/SP.DYN.TFRT.IN?date=2024&format=json&per_page=20000,https://api.worldbank.org/v2/country/all/indicator/NY.GDP.PCAP.PP.CD?date=2024&format=json&per_page=20000,https://api.worldbank.org/v2/country?format=json&per_page=20000
KHM,Cambodia,2.548,7981.50816402382,East Asia & Pacific,Lower middle income,2024,https://api.worldbank.org/v2/country/all/indicator/SP.DYN.TFRT.IN?date=2024&format=json&per_page=20000,https://api.worldbank.org/v2/country/all/indicator/NY.GDP.PCAP.PP.CD?date=2024&format=json&per_page=20000,https://api.worldbank.org/v2/country?format=json&per_page=20000
CMR,Cameroon,4.261,5597.10321648993,Sub-Saharan Africa ,Lower middle income,2024,https://api.worldbank.org/v2/country/all/indicator/SP.DYN.TFRT.IN?date=2024&format=json&per_page=20000,https://api.worldbank.org/v2/country/all/indicator/NY.GDP.PCAP.PP.CD?date=2024&format=json&per_page=20000,https://api.worldbank.org/v2/country?format=json&per_page=20000
CAN,Canada,1.25,65482.9454728344,North America,High income,2024,https://api.worldbank.org/v2/country/all/indicator/SP.DYN.TFRT.IN?date=2024&format=json&per_page=20000,https://api.worldbank.org/v2/country/all/indicator/NY.GDP.PCAP.PP.CD?date=2024&format=json&per_page=20000,https://api.worldbank.org/v2/country?format=json&per_page=20000
CYM,Cayman Islands,1.525,92201.086358256,Latin America & Caribbean ,High income,2024,https://api.worldbank.org/v2/country/all/indicator/SP.DYN.TFRT.IN?date=2024&format=json&per_page=20000,https://api.worldbank.org/v2/country/all/indicator/NY.GDP.PCAP.PP.CD?date=2024&format=json&per_page=20000,https://api.worldbank.org/v2/country?format=json&per_page=20000
CAF,Central African Republic,5.954,1264.93671692975,Sub-Saharan Africa ,Low income,2024,https://api.worldbank.org/v2/country/all/indicator/SP.DYN.TFRT.IN?date=2024&format=json&per_page=20000,https://api.worldbank.org/v2/country/all/indicator/NY.GDP.PCAP.PP.CD?date=2024&format=json&per_page=20000,https://api.worldbank.org/v2/country?format=json&per_page=20000
TCD,Chad,6.028,2766.98134913811,Sub-Saharan Africa ,Low income,2024,https://api.worldbank.org/v2/country/all/indicator/SP.DYN.TFRT.IN?date=2024&format=json&per_page=20000,https://api.worldbank.org/v2/country/all/indicator/NY.GDP.PCAP.PP.CD?date=2024&format=json&per_page=20000,https://api.worldbank.org/v2/country?format=json&per_page=20000
CHI,Channel Islands,1.37,,Europe & Central Asia,High income,2024,https://api.worldbank.org/v2/country/all/indicator/SP.DYN.TFRT.IN?date=2024&format=json&per_page=20000,https://api.worldbank.org/v2/country/all/indicator/NY.GDP.PCAP.PP.CD?date=2024&format=json&per_page=20000,https://api.worldbank.org/v2/country?format=json&per_page=20000
CHL,Chile,1.14,36070.892945837,Latin America & Caribbean ,High income,2024,https://api.worldbank.org/v2/country/all/indicator/SP.DYN.TFRT.IN?date=2024&format=json&per_page=20000,https://api.worldbank.org/v2/country/all/indicator/NY.GDP.PCAP.PP.CD?date=2024&format=json&per_page=20000,https://api.worldbank.org/v2/country?format=json&per_page=20000
CHN,China,1.013,27139.5181633767,East Asia & Pacific,Upper middle income,2024,https://api.worldbank.org/v2/country/all/indicator/SP.DYN.TFRT.IN?date=2024&format=json&per_page=20000,https://api.worldbank.org/v2/country/all/indicator/NY.GDP.PCAP.PP.CD?date=2024&format=json&per_page=20000,https://api.worldbank.org/v2/country?format=json&per_page=20000
COL,Colombia,1.634,22439.4001359818,Latin America & Caribbean ,Upper middle income,2024,https://api.worldbank.org/v2/country/all/indicator/SP.DYN.TFRT.IN?date=2024&format=json&per_page=20000,https://api.worldbank.org/v2/country/all/indicator/NY.GDP.PCAP.PP.CD?date=2024&format=json&per_page=20000,https://api.worldbank.org/v2/country?format=json&per_page=20000
COM,Comoros,3.822,4047.95264193561,Sub-Saharan Africa ,Lower middle income,2024,https://api.worldbank.org/v2/country/all/indicator/SP.DYN.TFRT.IN?date=2024&format=json&per_page=20000,https://api.worldbank.org/v2/country/all/indicator/NY.GDP.PCAP.PP.CD?date=2024&format=json&per_page=20000,https://api.worldbank.org/v2/country?format=json&per_page=20000
COD,"Congo, Dem. Rep.",5.981,1823.27705135453,Sub-Saharan Africa ,Low income,2024,https://api.worldbank.org/v2/country/all/indicator/SP.DYN.TFRT.IN?date=2024&format=json&per_page=20000,https://api.worldbank.org/v2/country/all/indicator/NY.GDP.PCAP.PP.CD?date=2024&format=json&per_page=20000,https://api.worldbank.org/v2/country?format=json&per_page=20000
COG,"Congo, Rep.",4.109,7003.66225819816,Sub-Saharan Africa ,Lower middle income,2024,https://api.worldbank.org/v2/country/all/indicator/SP.DYN.TFRT.IN?date=2024&format=json&per_page=20000,https://api.worldbank.org/v2/country/all/indicator/NY.GDP.PCAP.PP.CD?date=2024&format=json&per_page=20000,https://api.worldbank.org/v2/country?format=json&per_page=20000
CRI,Costa Rica,1.318,31552.1489834288,Latin America & Caribbean ,High income,2024,https://api.worldbank.org/v2/country/all/indicator/SP.DYN.TFRT.IN?date=2024&format=json&per_page=20000,https://api.worldbank.org/v2/country/all/indicator/NY.GDP.PCAP.PP.CD?date=2024&format=json&per_page=20000,https://api.worldbank.org/v2/country?format=json&per_page=20000
CIV,Cote d'Ivoire,4.23,7680.36980823038,Sub-Saharan Africa ,Lower middle income,2024,https://api.worldbank.org/v2/country/all/indicator/SP.DYN.TFRT.IN?date=2024&format=json&per_page=20000,https://api.worldbank.org/v2/country/all/indicator/NY.GDP.PCAP.PP.CD?date=2024&format=json&per_page=20000,https://api.worldbank.org/v2/country?format=json&per_page=20000
HRV,Croatia,1.46,49550.8073348367,Europe & Central Asia,High income,2024,https://api.worldbank.org/v2/country/all/indicator/SP.DYN.TFRT.IN?date=2024&format=json&per_page=20000,https://api.worldbank.org/v2/country/all/indicator/NY.GDP.PCAP.PP.CD?date=2024&format=json&per_page=20000,https://api.worldbank.org/v2/country?format=json&per_page=20000
CUB,Cuba,1.445,,Latin America & Caribbean ,Upper middle income,2024,https://api.worldbank.org/v2/country/all/indicator/SP.DYN.TFRT.IN?date=2024&format=json&per_page=20000,https://api.worldbank.org/v2/country/all/indicator/NY.GDP.PCAP.PP.CD?date=2024&format=json&per_page=20000,https://api.worldbank.org/v2/country?format=json&per_page=20000
CUW,Curacao,1.4,32740.7736763943,Latin America & Caribbean ,High income,2024,https://api.worldbank.org/v2/country/all/indicator/SP.DYN.TFRT.IN?date=2024&format=json&per_page=20000,https://api.worldbank.org/v2/country/all/indicator/NY.GDP.PCAP.PP.CD?date=2024&format=json&per_page=20000,https://api.worldbank.org/v2/country?format=json&per_page=20000
CYP,Cyprus,1.38,63006.765625,Europe & Central Asia,High income,2024,https://api.worldbank.org/v2/country/all/indicator/SP.DYN.TFRT.IN?date=2024&format=json&per_page=20000,https://api.worldbank.org/v2/country/all/indicator/NY.GDP.PCAP.PP.CD?date=2024&format=json&per_page=20000,https://api.worldbank.org/v2/country?format=json&per_page=20000
CZE,Czechia,1.36,57625.0961715706,Europe & Central Asia,High income,2024,https://api.worldbank.org/v2/country/all/indicator/SP.DYN.TFRT.IN?date=2024&format=json&per_page=20000,https://api.worldbank.org/v2/country/all/indicator/NY.GDP.PCAP.PP.CD?date=2024&format=json&per_page=20000,https://api.worldbank.org/v2/country?format=json&per_page=20000
DNK,Denmark,1.47,80937.8001363997,Europe & Central Asia,High income,2024,https://api.worldbank.org/v2/country/all/indicator/SP.DYN.TFRT.IN?date=2024&format=json&per_page=20000,https://api.worldbank.org/v2/country/all/indicator/NY.GDP.PCAP.PP.CD?date=2024&format=json&per_page=20000,https://api.worldbank.org/v2/country?format=json&per_page=20000
DJI,Djibouti,2.618,7821.62138070711,"Middle East, North Africa, Afghanistan & Pakistan",Lower middle income,2024,https://api.worldbank.org/v2/country/all/indicator/SP.DYN.TFRT.IN?date=2024&format=json&per_page=20000,https://api.worldbank.org/v2/country/all/indicator/NY.GDP.PCAP.PP.CD?date=2024&format=json&per_page=20000,https://api.worldbank.org/v2/country?format=json&per_page=20000
DMA,Dominica,1.48,21331.6193698018,Latin America & Caribbean ,Upper middle income,2024,https://api.worldbank.org/v2/country/all/indicator/SP.DYN.TFRT.IN?date=2024&format=json&per_page=20000,https://api.worldbank.org/v2/country/all/indicator/NY.GDP.PCAP.PP.CD?date=2024&format=json&per_page=20000,https://api.worldbank.org/v2/country?format=json&per_page=20000
DOM,Dominican Republic,2.222,27581.6606581871,Latin America & Caribbean ,Upper middle income,2024,https://api.worldbank.org/v2/country/all/indicator/SP.DYN.TFRT.IN?date=2024&format=json&per_page=20000,https://api.worldbank.org/v2/country/all/indicator/NY.GDP.PCAP.PP.CD?date=2024&format=json&per_page=20000,https://api.worldbank.org/v2/country?format=json&per_page=20000
ECU,Ecuador,1.806,15848.3400023446,Latin America & Caribbean ,Upper middle income,2024,https://api.worldbank.org/v2/country/all/indicator/SP.DYN.TFRT.IN?date=2024&format=json&per_page=20000,https://api.worldbank.org/v2/country/all/indicator/NY.GDP.PCAP.PP.CD?date=2024&format=json&per_page=20000,https://api.worldbank.org/v2/country?format=json&per_page=20000
EGY,"Egypt, Arab Rep.",2.735,19121.874936645,"Middle East, North Africa, Afghanistan & Pakistan",Lower middle income,2024,https://api.worldbank.org/v2/country/all/indicator/SP.DYN.TFRT.IN?date=2024&format=json&per_page=20000,https://api.worldbank.org/v2/country/all/indicator/NY.GDP.PCAP.PP.CD?date=2024&format=json&per_page=20000,https://api.worldbank.org/v2/country?format=json&per_page=20000
SLV,El Salvador,1.768,13258.1805042704,Latin America & Caribbean ,Upper middle income,2024,https://api.worldbank.org/v2/country/all/indicator/SP.DYN.TFRT.IN?date=2024&format=json&per_page=20000,https://api.worldbank.org/v2/country/all/indicator/NY.GDP.PCAP.PP.CD?date=2024&format=json&per_page=20000,https://api.worldbank.org/v2/country?format=json&per_page=20000
GNQ,Equatorial Guinea,4.116,17072.4273818835,Sub-Saharan Africa ,Upper middle income,2024,https://api.worldbank.org/v2/country/all/indicator/SP.DYN.TFRT.IN?date=2024&format=json&per_page=20000,https://api.worldbank.org/v2/country/all/indicator/NY.GDP.PCAP.PP.CD?date=2024&format=json&per_page=20000,https://api.worldbank.org/v2/country?format=json&per_page=20000
ERI,Eritrea,3.68,,Sub-Saharan Africa ,Low income,2024,https://api.worldbank.org/v2/country/all/indicator/SP.DYN.TFRT.IN?date=2024&format=json&per_page=20000,https://api.worldbank.org/v2/country/all/indicator/NY.GDP.PCAP.PP.CD?date=2024&format=json&per_page=20000,https://api.worldbank.org/v2/country?format=json&per_page=20000
EST,Estonia,1.18,50395.7686402966,Europe & Central Asia,High income,2024,https://api.worldbank.org/v2/country/all/indicator/SP.DYN.TFRT.IN?date=2024&format=json&per_page=20000,https://api.worldbank.org/v2/country/all/indicator/NY.GDP.PCAP.PP.CD?date=2024&format=json&per_page=20000,https://api.worldbank.org/v2/country?format=json&per_page=20000
SWZ,Eswatini,2.718,11822.961305357,Sub-Saharan Africa ,Lower middle income,2024,https://api.worldbank.org/v2/country/all/indicator/SP.DYN.TFRT.IN?date=2024&format=json&per_page=20000,https://api.worldbank.org/v2/country/all/indicator/NY.GDP.PCAP.PP.CD?date=2024&format=json&per_page=20000,https://api.worldbank.org/v2/country?format=json&per_page=20000
ETH,Ethiopia,3.909,3292.3093336937,Sub-Saharan Africa ,Low income,2024,https://api.worldbank.org/v2/country/all/indicator/SP.DYN.TFRT.IN?date=2024&format=json&per_page=20000,https://api.worldbank.org/v2/country/all/indicator/NY.GDP.PCAP.PP.CD?date=2024&format=json&per_page=20000,https://api.worldbank.org/v2/country?format=json&per_page=20000
FRO,Faroe Islands,1.9129,82089.2832575392,Europe & Central Asia,High income,2024,https://api.worldbank.org/v2/country/all/indicator/SP.DYN.TFRT.IN?date=2024&format=json&per_page=20000,https://api.worldbank.org/v2/country/all/indicator/NY.GDP.PCAP.PP.CD?date=2024&format=json&per_page=20000,https://api.worldbank.org/v2/country?format=json&per_page=20000
FJI,Fiji,2.27,15472.737444718,East Asia & Pacific,Upper middle income,2024,https://api.worldbank.org/v2/country/all/indicator/SP.DYN.TFRT.IN?date=2024&format=json&per_page=20000,https://api.worldbank.org/v2/country/all/indicator/NY.GDP.PCAP.PP.CD?date=2024&format=json&per_page=20000,https://api.worldbank.org/v2/country?format=json&per_page=20000
FIN,Finland,1.25,65137.1816928289,Europe & Central Asia,High income,2024,https://api.worldbank.org/v2/country/all/indicator/SP.DYN.TFRT.IN?date=2024&format=json&per_page=20000,https://api.worldbank.org/v2/country/all/indicator/NY.GDP.PCAP.PP.CD?date=2024&format=json&per_page=20000,https://api.worldbank.org/v2/country?format=json&per_page=20000
FRA,France,1.61,62524.5434134804,Europe & Central Asia,High income,2024,https://api.worldbank.org/v2/country/all/indicator/SP.DYN.TFRT.IN?date=2024&format=json&per_page=20000,https://api.worldbank.org/v2/country/all/indicator/NY.GDP.PCAP.PP.CD?date=2024&format=json&per_page=20000,https://api.worldbank.org/v2/country?format=json&per_page=20000
PYF,French Polynesia,1.491,,East Asia & Pacific,High income,2024,https://api.worldbank.org/v2/country/all/indicator/SP.DYN.TFRT.IN?date=2024&format=json&per_page=20000,https://api.worldbank.org/v2/country/all/indicator/NY.GDP.PCAP.PP.CD?date=2024&format=json&per_page=20000,https://api.worldbank.org/v2/country?format=json&per_page=20000
GAB,Gabon,3.592,21541.4112646776,Sub-Saharan Africa ,Upper middle income,2024,https://api.worldbank.org/v2/country/all/indicator/SP.DYN.TFRT.IN?date=2024&format=json&per_page=20000,https://api.worldbank.org/v2/country/all/indicator/NY.GDP.PCAP.PP.CD?date=2024&format=json&per_page=20000,https://api.worldbank.org/v2/country?format=json&per_page=20000
GMB,"Gambia, The",3.907,3480.66001035486,Sub-Saharan Africa ,Low income,2024,https://api.worldbank.org/v2/country/all/indicator/SP.DYN.TFRT.IN?date=2024&format=json&per_page=20000,https://api.worldbank.org/v2/country/all/indicator/NY.GDP.PCAP.PP.CD?date=2024&format=json&per_page=20000,https://api.worldbank.org/v2/country?format=json&per_page=20000
GEO,Georgia,1.802,27486.8762116648,Europe & Central Asia,Upper middle income,2024,https://api.worldbank.org/v2/country/all/indicator/SP.DYN.TFRT.IN?date=2024&format=json&per_page=20000,https://api.worldbank.org/v2/country/all/indicator/NY.GDP.PCAP.PP.CD?date=2024&format=json&per_page=20000,https://api.worldbank.org/v2/country?format=json&per_page=20000
DEU,Germany,1.36,73957.0012170966,Europe & Central Asia,High income,2024,https://api.worldbank.org/v2/country/all/indicator/SP.DYN.TFRT.IN?date=2024&format=json&per_page=20000,https://api.worldbank.org/v2/country/all/indicator/NY.GDP.PCAP.PP.CD?date=2024&format=json&per_page=20000,https://api.worldbank.org/v2/country?format=json&per_page=20000
GHA,Ghana,3.344,8051.19381149848,Sub-Saharan Africa ,Lower middle income,2024,https://api.worldbank.org/v2/country/all/indicator/SP.DYN.TFRT.IN?date=2024&format=json&per_page=20000,https://api.worldbank.org/v2/country/all/indicator/NY.GDP.PCAP.PP.CD?date=2024&format=json&per_page=20000,https://api.worldbank.org/v2/country?format=json&per_page=20000
GIB,Gibraltar,1.885,,Europe & Central Asia,High income,2024,https://api.worldbank.org/v2/country/all/indicator/SP.DYN.TFRT.IN?date=2024&format=json&per_page=20000,https://api.worldbank.org/v2/country/all/indicator/NY.GDP.PCAP.PP.CD?date=2024&format=json&per_page=20000,https://api.worldbank.org/v2/country?format=json&per_page=20000
GRC,Greece,1.24,44170.9556658376,Europe & Central Asia,High income,2024,https://api.worldbank.org/v2/country/all/indicator/SP.DYN.TFRT.IN?date=2024&format=json&per_page=20000,https://api.worldbank.org/v2/country/all/indicator/NY.GDP.PCAP.PP.CD?date=2024&format=json&per_page=20000,https://api.worldbank.org/v2/country?format=json&per_page=20000
GRL,Greenland,1.706,,Europe & Central Asia,High income,2024,https://api.worldbank.org/v2/country/all/indicator/SP.DYN.TFRT.IN?date=2024&format=json&per_page=20000,https://api.worldbank.org/v2/country/all/indicator/NY.GDP.PCAP.PP.CD?date=2024&format=json&per_page=20000,https://api.worldbank.org/v2/country?format=json&per_page=20000
GRD,Grenada,1.472,19903.184889337,Latin America & Caribbean ,Upper middle income,2024,https://api.worldbank.org/v2/country/all/indicator/SP.DYN.TFRT.IN?date=2024&format=json&per_page=20000,https://api.worldbank.org/v2/country/all/indicator/NY.GDP.PCAP.PP.CD?date=2024&format=json&per_page=20000,https://api.worldbank.org/v2/country?format=json&per_page=20000
GUM,Guam,2.748,,East Asia & Pacific,High income,2024,https://api.worldbank.org/v2/country/all/indicator/SP.DYN.TFRT.IN?date=2024&format=json&per_page=20000,https://api.worldbank.org/v2/country/all/indicator/NY.GDP.PCAP.PP.CD?date=2024&format=json&per_page=20000,https://api.worldbank.org/v2/country?format=json&per_page=20000
GTM,Guatemala,2.287,14393.0528302577,Latin America & Caribbean ,Upper middle income,2024,https://api.worldbank.org/v2/country/all/indicator/SP.DYN.TFRT.IN?date=2024&format=json&per_page=20000,https://api.worldbank.org/v2/country/all/indicator/NY.GDP.PCAP.PP.CD?date=2024&format=json&per_page=20000,https://api.worldbank.org/v2/country?format=json&per_page=20000
GIN,Guinea,4.131,4571.93087130821,Sub-Saharan Africa ,Lower middle income,2024,https://api.worldbank.org/v2/country/all/indicator/SP.DYN.TFRT.IN?date=2024&format=json&per_page=20000,https://api.worldbank.org/v2/country/all/indicator/NY.GDP.PCAP.PP.CD?date=2024&format=json&per_page=20000,https://api.worldbank.org/v2/country?format=json&per_page=20000
GNB,Guinea-Bissau,3.757,3093.46533465682,Sub-Saharan Africa ,Low income,2024,https://api.worldbank.org/v2/country/all/indicator/SP.DYN.TFRT.IN?date=2024&format=json&per_page=20000,https://api.worldbank.org/v2/country/all/indicator/NY.GDP.PCAP.PP.CD?date=2024&format=json&per_page=20000,https://api.worldbank.org/v2/country?format=json&per_page=20000
GUY,Guyana,2.395,80271.4254322872,Latin America & Caribbean ,High income,2024,https://api.worldbank.org/v2/country/all/indicator/SP.DYN.TFRT.IN?date=2024&format=json&per_page=20000,https://api.worldbank.org/v2/country/all/indicator/NY.GDP.PCAP.PP.CD?date=2024&format=json&per_page=20000,https://api.worldbank.org/v2/country?format=json&per_page=20000
HTI,Haiti,2.625,3168.87908307377,Latin America & Caribbean ,Lower middle income,2024,https://api.worldbank.org/v2/country/all/indicator/SP.DYN.TFRT.IN?date=2024&format=json&per_page=20000,https://api.worldbank.org/v2/country/all/indicator/NY.GDP.PCAP.PP.CD?date=2024&format=json&per_page=20000,https://api.worldbank.org/v2/country?format=json&per_page=20000
HND,Honduras,2.476,7502.56902428309,Latin America & Caribbean ,Lower middle income,2024,https://api.worldbank.org/v2/country/all/indicator/SP.DYN.TFRT.IN?date=2024&format=json&per_page=20000,https://api.worldbank.org/v2/country/all/indicator/NY.GDP.PCAP.PP.CD?date=2024&format=json&per_page=20000,https://api.worldbank.org/v2/country?format=json&per_page=20000
HKG,"Hong Kong SAR, China",0.841,75341.6985534061,East Asia & Pacific,High income,2024,https://api.worldbank.org/v2/country/all/indicator/SP.DYN.TFRT.IN?date=2024&format=json&per_page=20000,https://api.worldbank.org/v2/country/all/indicator/NY.GDP.PCAP.PP.CD?date=2024&format=json&per_page=20000,https://api.worldbank.org/v2/country?format=json&per_page=20000
HUN,Hungary,1.41,48540.1614792293,Europe & Central Asia,High income,2024,https://api.worldbank.org/v2/country/all/indicator/SP.DYN.TFRT.IN?date=2024&format=json&per_page=20000,https://api.worldbank.org/v2/country/all/indicator/NY.GDP.PCAP.PP.CD?date=2024&format=json&per_page=20000,https://api.worldbank.org/v2/country?format=json&per_page=20000
ISL,Iceland,1.56,83561.4294628375,Europe & Central Asia,High income,2024,https://api.worldbank.org/v2/country/all/indicator/SP.DYN.TFRT.IN?date=2024&format=json&per_page=20000,https://api.worldbank.org/v2/country/all/indicator/NY.GDP.PCAP.PP.CD?date=2024&format=json&per_page=20000,https://api.worldbank.org/v2/country?format=json&per_page=20000
IND,India,1.962,10718.5934040662,South Asia,Lower middle income,2024,https://api.worldbank.org/v2/country/all/indicator/SP.DYN.TFRT.IN?date=2024&format=json&per_page=20000,https://api.worldbank.org/v2/country/all/indicator/NY.GDP.PCAP.PP.CD?date=2024&format=json&per_page=20000,https://api.worldbank.org/v2/country?format=json&per_page=20000
IDN,Indonesia,2.115,16472.4825935409,East Asia & Pacific,Upper middle income,2024,https://api.worldbank.org/v2/country/all/indicator/SP.DYN.TFRT.IN?date=2024&format=json&per_page=20000,https://api.worldbank.org/v2/country/all/indicator/NY.GDP.PCAP.PP.CD?date=2024&format=json&per_page=20000,https://api.worldbank.org/v2/country?format=json&per_page=20000
IRN,"Iran, Islamic Rep.",1.684,19902.7484779621,"Middle East, North Africa, Afghanistan & Pakistan",Upper middle income,2024,https://api.worldbank.org/v2/country/all/indicator/SP.DYN.TFRT.IN?date=2024&format=json&per_page=20000,https://api.worldbank.org/v2/country/all/indicator/NY.GDP.PCAP.PP.CD?date=2024&format=json&per_page=20000,https://api.worldbank.org/v2/country?format=json&per_page=20000
IRQ,Iraq,3.221,14485.3248937523,"Middle East, North Africa, Afghanistan & Pakistan",Upper middle income,2024,https://api.worldbank.org/v2/country/all/indicator/SP.DYN.TFRT.IN?date=2024&format=json&per_page=20000,https://api.worldbank.org/v2/country/all/indicator/NY.GDP.PCAP.PP.CD?date=2024&format=json&per_page=20000,https://api.worldbank.org/v2/country?format=json&per_page=20000
IRL,Ireland,1.47,140779.203379453,Europe & Central Asia,High income,2024,https://api.worldbank.org/v2/country/all/indicator/SP.DYN.TFRT.IN?date=2024&format=json&per_page=20000,https://api.worldbank.org/v2/country/all/indicator/NY.GDP.PCAP.PP.CD?date=2024&format=json&per_page=20000,https://api.worldbank.org/v2/country?format=json&per_page=20000
IMN,Isle of Man,1.544,,Europe & Central Asia,High income,2024,https://api.worldbank.org/v2/country/all/indicator/SP.DYN.TFRT.IN?date=2024&format=json&per_page=20000,https://api.worldbank.org/v2/country/all/indicator/NY.GDP.PCAP.PP.CD?date=2024&format=json&per_page=20000,https://api.worldbank.org/v2/country?format=json&per_page=20000
ISR,Israel,2.87,57277.8631217651,"Middle East, North Africa, Afghanistan & Pakistan",High income,2024,https://api.worldbank.org/v2/country/all/indicator/SP.DYN.TFRT.IN?date=2024&format=json&per_page=20000,https://api.worldbank.org/v2/country/all/indicator/NY.GDP.PCAP.PP.CD?date=2024&format=json&per_page=20000,https://api.worldbank.org/v2/country?format=json&per_page=20000
ITA,Italy,1.18,62292.9012423008,Europe & Central Asia,High income,2024,https://api.worldbank.org/v2/country/all/indicator/SP.DYN.TFRT.IN?date=2024&format=json&per_page=20000,https://api.worldbank.org/v2/country/all/indicator/NY.GDP.PCAP.PP.CD?date=2024&format=json&per_page=20000,https://api.worldbank.org/v2/country?format=json&per_page=20000
JAM,Jamaica,1.351,12908.9862451809,Latin America & Caribbean ,Upper middle income,2024,https://api.worldbank.org/v2/country/all/indicator/SP.DYN.TFRT.IN?date=2024&format=json&per_page=20000,https://api.worldbank.org/v2/country/all/indicator/NY.GDP.PCAP.PP.CD?date=2024&format=json&per_page=20000,https://api.worldbank.org/v2/country?format=json&per_page=20000
JPN,Japan,1.15,54156.2687689605,East Asia & Pacific,High income,2024,https://api.worldbank.org/v2/country/all/indicator/SP.DYN.TFRT.IN?date=2024&format=json&per_page=20000,https://api.worldbank.org/v2/country/all/indicator/NY.GDP.PCAP.PP.CD?date=2024&format=json&per_page=20000,https://api.worldbank.org/v2/country?format=json&per_page=20000
JOR,Jordan,2.604,11916.3623210714,"Middle East, North Africa, Afghanistan & Pakistan",Upper middle income,2024,https://api.worldbank.org/v2/country/all/indicator/SP.DYN.TFRT.IN?date=2024&format=json&per_page=20000,https://api.worldbank.org/v2/country/all/indicator/NY.GDP.PCAP.PP.CD?date=2024&format=json&per_page=20000,https://api.worldbank.org/v2/country?format=json&per_page=20000
KAZ,Kazakhstan,2.984,40950.3167392792,Europe & Central Asia,Upper middle income,2024,https://api.worldbank.org/v2/country/all/indicator/SP.DYN.TFRT.IN?date=2024&format=json&per_page=20000,https://api.worldbank.org/v2/country/all/indicator/NY.GDP.PCAP.PP.CD?date=2024&format=json&per_page=20000,https://api.worldbank.org/v2/country?format=json&per_page=20000
KEN,Kenya,3.167,6649.67919174449,Sub-Saharan Africa ,Lower middle income,2024,https://api.worldbank.org/v2/country/all/indicator/SP.DYN.TFRT.IN?date=2024&format=json&per_page=20000,https://api.worldbank.org/v2/country/all/indicator/NY.GDP.PCAP.PP.CD?date=2024&format=json&per_page=20000,https://api.worldbank.org/v2/country?format=json&per_page=20000
KIR,Kiribati,3.124,3728.03970809328,East Asia & Pacific,Lower middle income,2024,https://api.worldbank.org/v2/country/all/indicator/SP.DYN.TFRT.IN?date=2024&format=json&per_page=20000,https://api.worldbank.org/v2/country/all/indicator/NY.GDP.PCAP.PP.CD?date=2024&format=json&per_page=20000,https://api.worldbank.org/v2/country?format=json&per_page=20000
PRK,"Korea, Dem. People's Rep.",1.784,,East Asia & Pacific,Low income,2024,https://api.worldbank.org/v2/country/all/indicator/SP.DYN.TFRT.IN?date=2024&format=json&per_page=20000,https://api.worldbank.org/v2/country/all/indicator/NY.GDP.PCAP.PP.CD?date=2024&format=json&per_page=20000,https://api.worldbank.org/v2/country?format=json&per_page=20000
KOR,"Korea, Rep.",0.748,61051.3492502498,East Asia & Pacific,High income,2024,https://api.worldbank.org/v2/country/all/indicator/SP.DYN.TFRT.IN?date=2024&format=json&per_page=20000,https://api.worldbank.org/v2/country/all/indicator/NY.GDP.PCAP.PP.CD?date=2024&format=json&per_page=20000,https://api.worldbank.org/v2/country?format=json&per_page=20000
XKX,Kosovo,1.538,17890.3600994298,Europe & Central Asia,Upper middle income,2024,https://api.worldbank.org/v2/country/all/indicator/SP.DYN.TFRT.IN?date=2024&format=json&per_page=20000,https://api.worldbank.org/v2/country/all/indicator/NY.GDP.PCAP.PP.CD?date=2024&format=json&per_page=20000,https://api.worldbank.org/v2/country?format=json&per_page=20000
KWT,Kuwait,1.56,53119.3783662664,"Middle East, North Africa, Afghanistan & Pakistan",High income,2024,https://api.worldbank.org/v2/country/all/indicator/SP.DYN.TFRT.IN?date=2024&format=json&per_page=20000,https://api.worldbank.org/v2/country/all/indicator/NY.GDP.PCAP.PP.CD?date=2024&format=json&per_page=20000,https://api.worldbank.org/v2/country?format=json&per_page=20000
KGZ,Kyrgyz Republic,2.6,8208.03081858011,Europe & Central Asia,Lower middle income,2024,https://api.worldbank.org/v2/country/all/indicator/SP.DYN.TFRT.IN?date=2024&format=json&per_page=20000,https://api.worldbank.org/v2/country/all/indicator/NY.GDP.PCAP.PP.CD?date=2024&format=json&per_page=20000,https://api.worldbank.org/v2/country?format=json&per_page=20000
LAO,Lao PDR,2.397,9790.02538664409,East Asia & Pacific,Lower middle income,2024,https://api.worldbank.org/v2/country/all/indicator/SP.DYN.TFRT.IN?date=2024&format=json&per_page=20000,https://api.worldbank.org/v2/country/all/indicator/NY.GDP.PCAP.PP.CD?date=2024&format=json&per_page=20000,https://api.worldbank.org/v2/country?format=json&per_page=20000
LVA,Latvia,1.24,43873.3777849582,Europe & Central Asia,High income,2024,https://api.worldbank.org/v2/country/all/indicator/SP.DYN.TFRT.IN?date=2024&format=json&per_page=20000,https://api.worldbank.org/v2/country/all/indicator/NY.GDP.PCAP.PP.CD?date=2024&format=json&per_page=20000,https://api.worldbank.org/v2/country?format=json&per_page=20000
LBN,Lebanon,2.227,11917.4502960889,"Middle East, North Africa, Afghanistan & Pakistan",Lower middle income,2024,https://api.worldbank.org/v2/country/all/indicator/SP.DYN.TFRT.IN?date=2024&format=json&per_page=20000,https://api.worldbank.org/v2/country/all/indicator/NY.GDP.PCAP.PP.CD?date=2024&format=json&per_page=20000,https://api.worldbank.org/v2/country?format=json&per_page=20000
LSO,Lesotho,2.664,3070.79580931865,Sub-Saharan Africa ,Lower middle income,2024,https://api.worldbank.org/v2/country/all/indicator/SP.DYN.TFRT.IN?date=2024&format=json&per_page=20000,https://api.worldbank.org/v2/country/all/indicator/NY.GDP.PCAP.PP.CD?date=2024&format=json&per_page=20000,https://api.worldbank.org/v2/country?format=json&per_page=20000
LBR,Liberia,3.864,1873.76133636244,Sub-Saharan Africa ,Low income,2024,https://api.worldbank.org/v2/country/all/indicator/SP.DYN.TFRT.IN?date=2024&format=json&per_page=20000,https://api.worldbank.org/v2/country/all/indicator/NY.GDP.PCAP.PP.CD?date=2024&format=json&per_page=20000,https://api.worldbank.org/v2/country?format=json&per_page=20000
LBY,Libya,2.298,14324.5818697336,"Middle East, North Africa, Afghanistan & Pakistan",Upper middle income,2024,https://api.worldbank.org/v2/country/all/indicator/SP.DYN.TFRT.IN?date=2024&format=json&per_page=20000,https://api.worldbank.org/v2/country/all/indicator/NY.GDP.PCAP.PP.CD?date=2024&format=json&per_page=20000,https://api.worldbank.org/v2/country?format=json&per_page=20000
LIE,Liechtenstein,1.37,,Europe & Central Asia,High income,2024,https://api.worldbank.org/v2/country/all/indicator/SP.DYN.TFRT.IN?date=2024&format=json&per_page=20000,https://api.worldbank.org/v2/country/all/indicator/NY.GDP.PCAP.PP.CD?date=2024&format=json&per_page=20000,https://api.worldbank.org/v2/country?format=json&per_page=20000
LTU,Lithuania,1.11,55699.3734421294,Europe & Central Asia,High income,2024,https://api.worldbank.org/v2/country/all/indicator/SP.DYN.TFRT.IN?date=2024&format=json&per_page=20000,https://api.worldbank.org/v2/country/all/indicator/NY.GDP.PCAP.PP.CD?date=2024&format=json&per_page=20000,https://api.worldbank.org/v2/country?format=json&per_page=20000
LUX,Luxembourg,1.25,156079.3685607,Europe & Central Asia,High income,2024,https://api.worldbank.org/v2/country/all/indicator/SP.DYN.TFRT.IN?date=2024&format=json&per_page=20000,https://api.worldbank.org/v2/country/all/indicator/NY.GDP.PCAP.PP.CD?date=2024&format=json&per_page=20000,https://api.worldbank.org/v2/country?format=json&per_page=20000
MAC,"Macao SAR, China",0.582,127144.298137913,East Asia & Pacific,High income,2024,https://api.worldbank.org/v2/country/all/indicator/SP.DYN.TFRT.IN?date=2024&format=json&per_page=20000,https://api.worldbank.org/v2/country/all/indicator/NY.GDP.PCAP.PP.CD?date=2024&format=json&per_page=20000,https://api.worldbank.org/v2/country?format=json&per_page=20000
MDG,Madagascar,3.912,1888.66403175151,Sub-Saharan Africa ,Low income,2024,https://api.worldbank.org/v2/country/all/indicator/SP.DYN.TFRT.IN?date=2024&format=json&per_page=20000,https://api.worldbank.org/v2/country/all/indicator/NY.GDP.PCAP.PP.CD?date=2024&format=json&per_page=20000,https://api.worldbank.org/v2/country?format=json&per_page=20000
MWI,Malawi,3.59,1860.31534523381,Sub-Saharan Africa ,Low income,2024,https://api.worldbank.org/v2/country/all/indicator/SP.DYN.TFRT.IN?date=2024&format=json&per_page=20000,https://api.worldbank.org/v2/country/all/indicator/NY.GDP.PCAP.PP.CD?date=2024&format=json&per_page=20000,https://api.worldbank.org/v2/country?format=json&per_page=20000
MYS,Malaysia,1.543,38835.6013146653,East Asia & Pacific,Upper middle income,2024,https://api.worldbank.org/v2/country/all/indicator/SP.DYN.TFRT.IN?date=2024&format=json&per_page=20000,https://api.worldbank.org/v2/country/all/indicator/NY.GDP.PCAP.PP.CD?date=2024&format=json&per_page=20000,https://api.worldbank.org/v2/country?format=json&per_page=20000
MDV,Maldives,1.56,26220.8078173473,South Asia,Upper middle income,2024,https://api.worldbank.org/v2/country/all/indicator/SP.DYN.TFRT.IN?date=2024&format=json&per_page=20000,https://api.worldbank.org/v2/country/all/indicator/NY.GDP.PCAP.PP.CD?date=2024&format=json&per_page=20000,https://api.worldbank.org/v2/country?format=json&per_page=20000
MLI,Mali,5.51,3321.57614442921,Sub-Saharan Africa ,Low income,2024,https://api.worldbank.org/v2/country/all/indicator/SP.DYN.TFRT.IN?date=2024&format=json&per_page=20000,https://api.worldbank.org/v2/country/all/indicator/NY.GDP.PCAP.PP.CD?date=2024&format=json&per_page=20000,https://api.worldbank.org/v2/country?format=json&per_page=20000
MLT,Malta,1.01,70062.9017440762,"Middle East, North Africa, Afghanistan & Pakistan",High income,2024,https://api.worldbank.org/v2/country/all/indicator/SP.DYN.TFRT.IN?date=2024&format=json&per_page=20000,https://api.worldbank.org/v2/country/all/indicator/NY.GDP.PCAP.PP.CD?date=2024&format=json&per_page=20000,https://api.worldbank.org/v2/country?format=json&per_page=20000
MHL,Marshall Islands,2.864,8237.95897993999,East Asia & Pacific,Upper middle income,2024,https://api.worldbank.org/v2/country/all/indicator/SP.DYN.TFRT.IN?date=2024&format=json&per_page=20000,https://api.worldbank.org/v2/country/all/indicator/NY.GDP.PCAP.PP.CD?date=2024&format=json&per_page=20000,https://api.worldbank.org/v2/country?format=json&per_page=20000
MRT,Mauritania,4.625,7379.45422386145,Sub-Saharan Africa ,Lower middle income,2024,https://api.worldbank.org/v2/country/all/indicator/SP.DYN.TFRT.IN?date=2024&format=json&per_page=20000,https://api.worldbank.org/v2/country/all/indicator/NY.GDP.PCAP.PP.CD?date=2024&format=json&per_page=20000,https://api.worldbank.org/v2/country?format=json&per_page=20000
MUS,Mauritius,1.44,31696.7381226145,Sub-Saharan Africa ,Upper middle income,2024,https://api.worldbank.org/v2/country/all/indicator/SP.DYN.TFRT.IN?date=2024&format=json&per_page=20000,https://api.worldbank.org/v2/country/all/indicator/NY.GDP.PCAP.PP.CD?date=2024&format=json&per_page=20000,https://api.worldbank.org/v2/country?format=json&per_page=20000
MEX,Mexico,1.892,25820.3527960242,Latin America & Caribbean ,Upper middle income,2024,https://api.worldbank.org/v2/country/all/indicator/SP.DYN.TFRT.IN?date=2024&format=json&per_page=20000,https://api.worldbank.org/v2/country/all/indicator/NY.GDP.PCAP.PP.CD?date=2024&format=json&per_page=20000,https://api.worldbank.org/v2/country?format=json&per_page=20000
FSM,"Micronesia, Fed. Sts.",2.743,4452.31995062055,East Asia & Pacific,Upper middle income,2024,https://api.worldbank.org/v2/country/all/indicator/SP.DYN.TFRT.IN?date=2024&format=json&per_page=20000,https://api.worldbank.org/v2/country/all/indicator/NY.GDP.PCAP.PP.CD?date=2024&format=json&per_page=20000,https://api.worldbank.org/v2/country?format=json&per_page=20000
MDA,Moldova,1.726,18661.6606470212,Europe & Central Asia,Upper middle income,2024,https://api.worldbank.org/v2/country/all/indicator/SP.DYN.TFRT.IN?date=2024&format=json&per_page=20000,https://api.worldbank.org/v2/country/all/indicator/NY.GDP.PCAP.PP.CD?date=2024&format=json&per_page=20000,https://api.worldbank.org/v2/country?format=json&per_page=20000
MCO,Monaco,2.102,,Europe & Central Asia,High income,2024,https://api.worldbank.org/v2/country/all/indicator/SP.DYN.TFRT.IN?date=2024&format=json&per_page=20000,https://api.worldbank.org/v2/country/all/indicator/NY.GDP.PCAP.PP.CD?date=2024&format=json&per_page=20000,https://api.worldbank.org/v2/country?format=json&per_page=20000
MNG,Mongolia,2.5,19172.5295870282,East Asia & Pacific,Upper middle income,2024,https://api.worldbank.org/v2/country/all/indicator/SP.DYN.TFRT.IN?date=2024&format=json&per_page=20000,https://api.worldbank.org/v2/country/all/indicator/NY.GDP.PCAP.PP.CD?date=2024&format=json&per_page=20000,https://api.worldbank.org/v2/country?format=json&per_page=20000
MNE,Montenegro,1.8,34062.8241865953,Europe & Central Asia,Upper middle income,2024,https://api.worldbank.org/v2/country/all/indicator/SP.DYN.TFRT.IN?date=2024&format=json&per_page=20000,https://api.worldbank.org/v2/country/all/indicator/NY.GDP.PCAP.PP.CD?date=2024&format=json&per_page=20000,https://api.worldbank.org/v2/country?format=json&per_page=20000
MAR,Morocco,2.208,10430.2490234375,"Middle East, North Africa, Afghanistan & Pakistan",Lower middle income,2024,https://api.worldbank.org/v2/country/all/indicator/SP.DYN.TFRT.IN?date=2024&format=json&per_page=20000,https://api.worldbank.org/v2/country/all/indicator/NY.GDP.PCAP.PP.CD?date=2024&format=json&per_page=20000,https://api.worldbank.org/v2/country?format=json&per_page=20000
MOZ,Mozambique,4.69,1708.3035966667,Sub-Saharan Africa ,Low income,2024,https://api.worldbank.org/v2/country/all/indicator/SP.DYN.TFRT.IN?date=2024&format=json&per_page=20000,https://api.worldbank.org/v2/country/all/indicator/NY.GDP.PCAP.PP.CD?date=2024&format=json&per_page=20000,https://api.worldbank.org/v2/country?format=json&per_page=20000
MMR,Myanmar,2.098,6006.17514543646,East Asia & Pacific,Lower middle income,2024,https://api.worldbank.org/v2/country/all/indicator/SP.DYN.TFRT.IN?date=2024&format=json&per_page=20000,https://api.worldbank.org/v2/country/all/indicator/NY.GDP.PCAP.PP.CD?date=2024&format=json&per_page=20000,https://api.worldbank.org/v2/country?format=json&per_page=20000
NAM,Namibia,3.211,11697.9201596588,Sub-Saharan Africa ,Lower middle income,2024,https://api.worldbank.org/v2/country/all/indicator/SP.DYN.TFRT.IN?date=2024&format=json&per_page=20000,https://api.worldbank.org/v2/country/all/indicator/NY.GDP.PCAP.PP.CD?date=2024&format=json&per_page=20000,https://api.worldbank.org/v2/country?format=json&per_page=20000
NRU,Naoero,3.29,13612.0368416276,East Asia & Pacific,High income,2024,https://api.worldbank.org/v2/country/all/indicator/SP.DYN.TFRT.IN?date=2024&format=json&per_page=20000,https://api.worldbank.org/v2/country/all/indicator/NY.GDP.PCAP.PP.CD?date=2024&format=json&per_page=20000,https://api.worldbank.org/v2/country?format=json&per_page=20000
NPL,Nepal,1.961,5745.64525192255,South Asia,Lower middle income,2024,https://api.worldbank.org/v2/country/all/indicator/SP.DYN.TFRT.IN?date=2024&format=json&per_page=20000,https://api.worldbank.org/v2/country/all/indicator/NY.GDP.PCAP.PP.CD?date=2024&format=json&per_page=20000,https://api.worldbank.org/v2/country?format=json&per_page=20000
NLD,Netherlands,1.43,85218.3689343246,Europe & Central Asia,High income,2024,https://api.worldbank.org/v2/country/all/indicator/SP.DYN.TFRT.IN?date=2024&format=json&per_page=20000,https://api.worldbank.org/v2/country/all/indicator/NY.GDP.PCAP.PP.CD?date=2024&format=json&per_page=20000,https://api.worldbank.org/v2/country?format=json&per_page=20000
NCL,New Caledonia,1.964,,East Asia & Pacific,High income,2024,https://api.worldbank.org/v2/country/all/indicator/SP.DYN.TFRT.IN?date=2024&format=json&per_page=20000,https://api.worldbank.org/v2/country/all/indicator/NY.GDP.PCAP.PP.CD?date=2024&format=json&per_page=20000,https://api.worldbank.org/v2/country?format=json&per_page=20000
NZL,New Zealand,1.57,55793.9990422226,East Asia & Pacific,High income,2024,https://api.worldbank.org/v2/country/all/indicator/SP.DYN.TFRT.IN?date=2024&format=json&per_page=20000,https://api.worldbank.org/v2/country/all/indicator/NY.GDP.PCAP.PP.CD?date=2024&format=json&per_page=20000,https://api.worldbank.org/v2/country?format=json&per_page=20000
NIC,Nicaragua,2.206,8720.86923379042,Latin America & Caribbean ,Lower middle income,2024,https://api.worldbank.org/v2/country/all/indicator/SP.DYN.TFRT.IN?date=2024&format=json&per_page=20000,https://api.worldbank.org/v2/country/all/indicator/NY.GDP.PCAP.PP.CD?date=2024&format=json&per_page=20000,https://api.worldbank.org/v2/country?format=json&per_page=20000
NER,Niger,5.935,2044.04904937758,Sub-Saharan Africa ,Low income,2024,https://api.worldbank.org/v2/country/all/indicator/SP.DYN.TFRT.IN?date=2024&format=json&per_page=20000,https://api.worldbank.org/v2/country/all/indicator/NY.GDP.PCAP.PP.CD?date=2024&format=json&per_page=20000,https://api.worldbank.org/v2/country?format=json&per_page=20000
NGA,Nigeria,4.382,9099.86943863676,Sub-Saharan Africa ,Lower middle income,2024,https://api.worldbank.org/v2/country/all/indicator/SP.DYN.TFRT.IN?date=2024&format=json&per_page=20000,https://api.worldbank.org/v2/country/all/indicator/NY.GDP.PCAP.PP.CD?date=2024&format=json&per_page=20000,https://api.worldbank.org/v2/country?format=json&per_page=20000
MKD,North Macedonia,1.4,26995.5213483235,Europe & Central Asia,Upper middle income,2024,https://api.worldbank.org/v2/country/all/indicator/SP.DYN.TFRT.IN?date=2024&format=json&per_page=20000,https://api.worldbank.org/v2/country/all/indicator/NY.GDP.PCAP.PP.CD?date=2024&format=json&per_page=20000,https://api.worldbank.org/v2/country?format=json&per_page=20000
MNP,Northern Mariana Islands,2.324,,East Asia & Pacific,High income,2024,https://api.worldbank.org/v2/country/all/indicator/SP.DYN.TFRT.IN?date=2024&format=json&per_page=20000,https://api.worldbank.org/v2/country/all/indicator/NY.GDP.PCAP.PP.CD?date=2024&format=json&per_page=20000,https://api.worldbank.org/v2/country?format=json&per_page=20000
NOR,Norway,1.45,105657.0339185,Europe & Central Asia,High income,2024,https://api.worldbank.org/v2/country/all/indicator/SP.DYN.TFRT.IN?date=2024&format=json&per_page=20000,https://api.worldbank.org/v2/country/all/indicator/NY.GDP.PCAP.PP.CD?date=2024&format=json&per_page=20000,https://api.worldbank.org/v2/country?format=json&per_page=20000
OMN,Oman,2.508,41800.7841364086,"Middle East, North Africa, Afghanistan & Pakistan",High income,2024,https://api.worldbank.org/v2/country/all/indicator/SP.DYN.TFRT.IN?date=2024&format=json&per_page=20000,https://api.worldbank.org/v2/country/all/indicator/NY.GDP.PCAP.PP.CD?date=2024&format=json&per_page=20000,https://api.worldbank.org/v2/country?format=json&per_page=20000
PAK,Pakistan,3.547,6263.186935403,"Middle East, North Africa, Afghanistan & Pakistan",Lower middle income,2024,https://api.worldbank.org/v2/country/all/indicator/SP.DYN.TFRT.IN?date=2024&format=json&per_page=20000,https://api.worldbank.org/v2/country/all/indicator/NY.GDP.PCAP.PP.CD?date=2024&format=json&per_page=20000,https://api.worldbank.org/v2/country?format=json&per_page=20000
PLW,Palau,1.883,21059.1347141726,East Asia & Pacific,High income,2024,https://api.worldbank.org/v2/country/all/indicator/SP.DYN.TFRT.IN?date=2024&format=json&per_page=20000,https://api.worldbank.org/v2/country/all/indicator/NY.GDP.PCAP.PP.CD?date=2024&format=json&per_page=20000,https://api.worldbank.org/v2/country?format=json&per_page=20000
PAN,Panama,2.106,41429.5092511481,Latin America & Caribbean ,High income,2024,https://api.worldbank.org/v2/country/all/indicator/SP.DYN.TFRT.IN?date=2024&format=json&per_page=20000,https://api.worldbank.org/v2/country/all/indicator/NY.GDP.PCAP.PP.CD?date=2024&format=json&per_page=20000,https://api.worldbank.org/v2/country?format=json&per_page=20000
PNG,Papua New Guinea,3.072,4886.53186994995,East Asia & Pacific,Lower middle income,2024,https://api.worldbank.org/v2/country/all/indicator/SP.DYN.TFRT.IN?date=2024&format=json&per_page=20000,https://api.worldbank.org/v2/country/all/indicator/NY.GDP.PCAP.PP.CD?date=2024&format=json&per_page=20000,https://api.worldbank.org/v2/country?format=json&per_page=20000
PRY,Paraguay,2.416,18631.6436164051,Latin America & Caribbean ,Upper middle income,2024,https://api.worldbank.org/v2/country/all/indicator/SP.DYN.TFRT.IN?date=2024&format=json&per_page=20000,https://api.worldbank.org/v2/country/all/indicator/NY.GDP.PCAP.PP.CD?date=2024&format=json&per_page=20000,https://api.worldbank.org/v2/country?format=json&per_page=20000
PER,Peru,1.965,17881.8685833242,Latin America & Caribbean ,Upper middle income,2024,https://api.worldbank.org/v2/country/all/indicator/SP.DYN.TFRT.IN?date=2024&format=json&per_page=20000,https://api.worldbank.org/v2/country/all/indicator/NY.GDP.PCAP.PP.CD?date=2024&format=json&per_page=20000,https://api.worldbank.org/v2/country?format=json&per_page=20000
PHL,Philippines,1.894,11813.805926453,East Asia & Pacific,Upper middle income,2024,https://api.worldbank.org/v2/country/all/indicator/SP.DYN.TFRT.IN?date=2024&format=json&per_page=20000,https://api.worldbank.org/v2/country/all/indicator/NY.GDP.PCAP.PP.CD?date=2024&format=json&per_page=20000,https://api.worldbank.org/v2/country?format=json&per_page=20000
POL,Poland,1.14,51262.5105756884,Europe & Central Asia,High income,2024,https://api.worldbank.org/v2/country/all/indicator/SP.DYN.TFRT.IN?date=2024&format=json&per_page=20000,https://api.worldbank.org/v2/country/all/indicator/NY.GDP.PCAP.PP.CD?date=2024&format=json&per_page=20000,https://api.worldbank.org/v2/country?format=json&per_page=20000
PRT,Portugal,1.41,52512.5651003677,Europe & Central Asia,High income,2024,https://api.worldbank.org/v2/country/all/indicator/SP.DYN.TFRT.IN?date=2024&format=json&per_page=20000,https://api.worldbank.org/v2/country/all/indicator/NY.GDP.PCAP.PP.CD?date=2024&format=json&per_page=20000,https://api.worldbank.org/v2/country?format=json&per_page=20000
PRI,Puerto Rico (US),0.92,50332.9848222477,Latin America & Caribbean ,High income,2024,https://api.worldbank.org/v2/country/all/indicator/SP.DYN.TFRT.IN?date=2024&format=json&per_page=20000,https://api.worldbank.org/v2/country/all/indicator/NY.GDP.PCAP.PP.CD?date=2024&format=json&per_page=20000,https://api.worldbank.org/v2/country?format=json&per_page=20000
QAT,Qatar,1.717,126712.582876079,"Middle East, North Africa, Afghanistan & Pakistan",High income,2024,https://api.worldbank.org/v2/country/all/indicator/SP.DYN.TFRT.IN?date=2024&format=json&per_page=20000,https://api.worldbank.org/v2/country/all/indicator/NY.GDP.PCAP.PP.CD?date=2024&format=json&per_page=20000,https://api.worldbank.org/v2/country?format=json&per_page=20000
ROU,Romania,1.39,49076.7137157187,Europe & Central Asia,High income,2024,https://api.worldbank.org/v2/country/all/indicator/SP.DYN.TFRT.IN?date=2024&format=json&per_page=20000,https://api.worldbank.org/v2/country/all/indicator/NY.GDP.PCAP.PP.CD?date=2024&format=json&per_page=20000,https://api.worldbank.org/v2/country?format=json&per_page=20000
RUS,Russian Federation,1.418,47686.06640625,Europe & Central Asia,High income,2024,https://api.worldbank.org/v2/country/all/indicator/SP.DYN.TFRT.IN?date=2024&format=json&per_page=20000,https://api.worldbank.org/v2/country/all/indicator/NY.GDP.PCAP.PP.CD?date=2024&format=json&per_page=20000,https://api.worldbank.org/v2/country?format=json&per_page=20000
RWA,Rwanda,3.645,3784.9629495071,Sub-Saharan Africa ,Low income,2024,https://api.worldbank.org/v2/country/all/indicator/SP.DYN.TFRT.IN?date=2024&format=json&per_page=20000,https://api.worldbank.org/v2/country/all/indicator/NY.GDP.PCAP.PP.CD?date=2024&format=json&per_page=20000,https://api.worldbank.org/v2/country?format=json&per_page=20000
WSM,Samoa,3.801,8750.62541028446,East Asia & Pacific,Upper middle income,2024,https://api.worldbank.org/v2/country/all/indicator/SP.DYN.TFRT.IN?date=2024&format=json&per_page=20000,https://api.worldbank.org/v2/country/all/indicator/NY.GDP.PCAP.PP.CD?date=2024&format=json&per_page=20000,https://api.worldbank.org/v2/country?format=json&per_page=20000
SMR,San Marino,1.158,,Europe & Central Asia,High income,2024,https://api.worldbank.org/v2/country/all/indicator/SP.DYN.TFRT.IN?date=2024&format=json&per_page=20000,https://api.worldbank.org/v2/country/all/indicator/NY.GDP.PCAP.PP.CD?date=2024&format=json&per_page=20000,https://api.worldbank.org/v2/country?format=json&per_page=20000
STP,Sao Tome and Principe,3.596,6274.34741942922,Sub-Saharan Africa ,Lower middle income,2024,https://api.worldbank.org/v2/country/all/indicator/SP.DYN.TFRT.IN?date=2024&format=json&per_page=20000,https://api.worldbank.org/v2/country/all/indicator/NY.GDP.PCAP.PP.CD?date=2024&format=json&per_page=20000,https://api.worldbank.org/v2/country?format=json&per_page=20000
SAU,Saudi Arabia,2.308,71936.2510663399,"Middle East, North Africa, Afghanistan & Pakistan",High income,2024,https://api.worldbank.org/v2/country/all/indicator/SP.DYN.TFRT.IN?date=2024&format=json&per_page=20000,https://api.worldbank.org/v2/country/all/indicator/NY.GDP.PCAP.PP.CD?date=2024&format=json&per_page=20000,https://api.worldbank.org/v2/country?format=json&per_page=20000
SEN,Senegal,3.765,5097.24318834766,Sub-Saharan Africa ,Lower middle income,2024,https://api.worldbank.org/v2/country/all/indicator/SP.DYN.TFRT.IN?date=2024&format=json&per_page=20000,https://api.worldbank.org/v2/country/all/indicator/NY.GDP.PCAP.PP.CD?date=2024&format=json&per_page=20000,https://api.worldbank.org/v2/country?format=json&per_page=20000
SRB,Serbia,1.64,32832.274492238,Europe & Central Asia,Upper middle income,2024,https://api.worldbank.org/v2/country/all/indicator/SP.DYN.TFRT.IN?date=2024&format=json&per_page=20000,https://api.worldbank.org/v2/country/all/indicator/NY.GDP.PCAP.PP.CD?date=2024&format=json&per_page=20000,https://api.worldbank.org/v2/country?format=json&per_page=20000
SYC,Seychelles,1.85,33339.491987317,Sub-Saharan Africa ,High income,2024,https://api.worldbank.org/v2/country/all/indicator/SP.DYN.TFRT.IN?date=2024&format=json&per_page=20000,https://api.worldbank.org/v2/country/all/indicator/NY.GDP.PCAP.PP.CD?date=2024&format=json&per_page=20000,https://api.worldbank.org/v2/country?format=json&per_page=20000
SLE,Sierra Leone,3.703,3527.42124292431,Sub-Saharan Africa ,Low income,2024,https://api.worldbank.org/v2/country/all/indicator/SP.DYN.TFRT.IN?date=2024&format=json&per_page=20000,https://api.worldbank.org/v2/country/all/indicator/NY.GDP.PCAP.PP.CD?date=2024&format=json&per_page=20000,https://api.worldbank.org/v2/country?format=json&per_page=20000
SGP,Singapore,0.97,153161.175431382,East Asia & Pacific,High income,2024,https://api.worldbank.org/v2/country/all/indicator/SP.DYN.TFRT.IN?date=2024&format=json&per_page=20000,https://api.worldbank.org/v2/country/all/indicator/NY.GDP.PCAP.PP.CD?date=2024&format=json&per_page=20000,https://api.worldbank.org/v2/country?format=json&per_page=20000
SXM,Sint Maarten (Dutch part),1.44,53846.7442635227,Latin America & Caribbean ,High income,2024,https://api.worldbank.org/v2/country/all/indicator/SP.DYN.TFRT.IN?date=2024&format=json&per_page=20000,https://api.worldbank.org/v2/country/all/indicator/NY.GDP.PCAP.PP.CD?date=2024&format=json&per_page=20000,https://api.worldbank.org/v2/country?format=json&per_page=20000
SVK,Slovak Republic,1.46,47846.6169154961,Europe & Central Asia,High income,2024,https://api.worldbank.org/v2/country/all/indicator/SP.DYN.TFRT.IN?date=2024&format=json&per_page=20000,https://api.worldbank.org/v2/country/all/indicator/NY.GDP.PCAP.PP.CD?date=2024&format=json&per_page=20000,https://api.worldbank.org/v2/country?format=json&per_page=20000
SVN,Slovenia,1.52,57570.5904042272,Europe & Central Asia,High income,2024,https://api.worldbank.org/v2/country/all/indicator/SP.DYN.TFRT.IN?date=2024&format=json&per_page=20000,https://api.worldbank.org/v2/country/all/indicator/NY.GDP.PCAP.PP.CD?date=2024&format=json&per_page=20000,https://api.worldbank.org/v2/country?format=json&per_page=20000
SLB,Solomon Islands,3.513,2679.1210283533,East Asia & Pacific,Lower middle income,2024,https://api.worldbank.org/v2/country/all/indicator/SP.DYN.TFRT.IN?date=2024&format=json&per_page=20000,https://api.worldbank.org/v2/country/all/indicator/NY.GDP.PCAP.PP.CD?date=2024&format=json&per_page=20000,https://api.worldbank.org/v2/country?format=json&per_page=20000
SOM,"Somalia, Fed. Rep.",6.013,1604.29116285918,Sub-Saharan Africa ,Low income,2024,https://api.worldbank.org/v2/country/all/indicator/SP.DYN.TFRT.IN?date=2024&format=json&per_page=20000,https://api.worldbank.org/v2/country/all/indicator/NY.GDP.PCAP.PP.CD?date=2024&format=json&per_page=20000,https://api.worldbank.org/v2/country?format=json&per_page=20000
ZAF,South Africa,2.205,15478.6456794969,Sub-Saharan Africa ,Upper middle income,2024,https://api.worldbank.org/v2/country/all/indicator/SP.DYN.TFRT.IN?date=2024&format=json&per_page=20000,https://api.worldbank.org/v2/country/all/indicator/NY.GDP.PCAP.PP.CD?date=2024&format=json&per_page=20000,https://api.worldbank.org/v2/country?format=json&per_page=20000
SSD,South Sudan,3.785,,Sub-Saharan Africa ,Low income,2024,https://api.worldbank.org/v2/country/all/indicator/SP.DYN.TFRT.IN?date=2024&format=json&per_page=20000,https://api.worldbank.org/v2/country/all/indicator/NY.GDP.PCAP.PP.CD?date=2024&format=json&per_page=20000,https://api.worldbank.org/v2/country?format=json&per_page=20000
ESP,Spain,1.1,58063.7350840487,Europe & Central Asia,High income,2024,https://api.worldbank.org/v2/country/all/indicator/SP.DYN.TFRT.IN?date=2024&format=json&per_page=20000,https://api.worldbank.org/v2/country/all/indicator/NY.GDP.PCAP.PP.CD?date=2024&format=json&per_page=20000,https://api.worldbank.org/v2/country?format=json&per_page=20000
LKA,Sri Lanka,1.952,15701.0907191253,South Asia,Upper middle income,2024,https://api.worldbank.org/v2/country/all/indicator/SP.DYN.TFRT.IN?date=2024&format=json&per_page=20000,https://api.worldbank.org/v2/country/all/indicator/NY.GDP.PCAP.PP.CD?date=2024&format=json&per_page=20000,https://api.worldbank.org/v2/country?format=json&per_page=20000
KNA,St. Kitts and Nevis,1.526,34897.2104637487,Latin America & Caribbean ,High income,2024,https://api.worldbank.org/v2/country/all/indicator/SP.DYN.TFRT.IN?date=2024&format=json&per_page=20000,https://api.worldbank.org/v2/country/all/indicator/NY.GDP.PCAP.PP.CD?date=2024&format=json&per_page=20000,https://api.worldbank.org/v2/country?format=json&per_page=20000
LCA,St. Lucia,1.385,28116.7677870924,Latin America & Caribbean ,Upper middle income,2024,https://api.worldbank.org/v2/country/all/indicator/SP.DYN.TFRT.IN?date=2024&format=json&per_page=20000,https://api.worldbank.org/v2/country/all/indicator/NY.GDP.PCAP.PP.CD?date=2024&format=json&per_page=20000,https://api.worldbank.org/v2/country?format=json&per_page=20000
MAF,St. Martin (French part),2.673,,Latin America & Caribbean ,High income,2024,https://api.worldbank.org/v2/country/all/indicator/SP.DYN.TFRT.IN?date=2024&format=json&per_page=20000,https://api.worldbank.org/v2/country/all/indicator/NY.GDP.PCAP.PP.CD?date=2024&format=json&per_page=20000,https://api.worldbank.org/v2/country?format=json&per_page=20000
VCT,St. Vincent and the Grenadines,1.761,21302.9730252553,Latin America & Caribbean ,Upper middle income,2024,https://api.worldbank.org/v2/country/all/indicator/SP.DYN.TFRT.IN?date=2024&format=json&per_page=20000,https://api.worldbank.org/v2/country/all/indicator/NY.GDP.PCAP.PP.CD?date=2024&format=json&per_page=20000,https://api.worldbank.org/v2/country?format=json&per_page=20000
SDN,Sudan,4.264,2118.88891601563,Sub-Saharan Africa ,Low income,2024,https://api.worldbank.org/v2/country/all/indicator/SP.DYN.TFRT.IN?date=2024&format=json&per_page=20000,https://api.worldbank.org/v2/country/all/indicator/NY.GDP.PCAP.PP.CD?date=2024&format=json&per_page=20000,https://api.worldbank.org/v2/country?format=json&per_page=20000
SUR,Suriname,2.231,21832.187015648,Latin America & Caribbean ,Upper middle income,2024,https://api.worldbank.org/v2/country/all/indicator/SP.DYN.TFRT.IN?date=2024&format=json&per_page=20000,https://api.worldbank.org/v2/country/all/indicator/NY.GDP.PCAP.PP.CD?date=2024&format=json&per_page=20000,https://api.worldbank.org/v2/country?format=json&per_page=20000
SWE,Sweden,1.43,71221.9379308266,Europe & Central Asia,High income,2024,https://api.worldbank.org/v2/country/all/indicator/SP.DYN.TFRT.IN?date=2024&format=json&per_page=20000,https://api.worldbank.org/v2/country/all/indicator/NY.GDP.PCAP.PP.CD?date=2024&format=json&per_page=20000,https://api.worldbank.org/v2/country?format=json&per_page=20000
CHE,Switzerland,1.29,97467.7447151829,Europe & Central Asia,High income,2024,https://api.worldbank.org/v2/country/all/indicator/SP.DYN.TFRT.IN?date=2024&format=json&per_page=20000,https://api.worldbank.org/v2/country/all/indicator/NY.GDP.PCAP.PP.CD?date=2024&format=json&per_page=20000,https://api.worldbank.org/v2/country?format=json&per_page=20000
SYR,Syrian Arab Republic,2.7,,"Middle East, North Africa, Afghanistan & Pakistan",Low income,2024,https://api.worldbank.org/v2/country/all/indicator/SP.DYN.TFRT.IN?date=2024&format=json&per_page=20000,https://api.worldbank.org/v2/country/all/indicator/NY.GDP.PCAP.PP.CD?date=2024&format=json&per_page=20000,https://api.worldbank.org/v2/country?format=json&per_page=20000
TJK,Tajikistan,3.036,5413.83109811464,Europe & Central Asia,Lower middle income,2024,https://api.worldbank.org/v2/country/all/indicator/SP.DYN.TFRT.IN?date=2024&format=json&per_page=20000,https://api.worldbank.org/v2/country/all/indicator/NY.GDP.PCAP.PP.CD?date=2024&format=json&per_page=20000,https://api.worldbank.org/v2/country?format=json&per_page=20000
TZA,Tanzania,4.541,4226.92626953125,Sub-Saharan Africa ,Lower middle income,2024,https://api.worldbank.org/v2/country/all/indicator/SP.DYN.TFRT.IN?date=2024&format=json&per_page=20000,https://api.worldbank.org/v2/country/all/indicator/NY.GDP.PCAP.PP.CD?date=2024&format=json&per_page=20000,https://api.worldbank.org/v2/country?format=json&per_page=20000
THA,Thailand,1.204,24909.2266037939,East Asia & Pacific,Upper middle income,2024,https://api.worldbank.org/v2/country/all/indicator/SP.DYN.TFRT.IN?date=2024&format=json&per_page=20000,https://api.worldbank.org/v2/country/all/indicator/NY.GDP.PCAP.PP.CD?date=2024&format=json&per_page=20000,https://api.worldbank.org/v2/country?format=json&per_page=20000
TLS,Timor-Leste,2.627,4429.20182282365,East Asia & Pacific,Lower middle income,2024,https://api.worldbank.org/v2/country/all/indicator/SP.DYN.TFRT.IN?date=2024&format=json&per_page=20000,https://api.worldbank.org/v2/country/all/indicator/NY.GDP.PCAP.PP.CD?date=2024&format=json&per_page=20000,https://api.worldbank.org/v2/country?format=json&per_page=20000
TGO,Togo,4.121673,3814.83532681353,Sub-Saharan Africa ,Lower middle income,2024,https://api.worldbank.org/v2/country/all/indicator/SP.DYN.TFRT.IN?date=2024&format=json&per_page=20000,https://api.worldbank.org/v2/country/all/indicator/NY.GDP.PCAP.PP.CD?date=2024&format=json&per_page=20000,https://api.worldbank.org/v2/country?format=json&per_page=20000
TON,Tonga,3.1,8174.34840883872,East Asia & Pacific,Upper middle income,2024,https://api.worldbank.org/v2/country/all/indicator/SP.DYN.TFRT.IN?date=2024&format=json&per_page=20000,https://api.worldbank.org/v2/country/all/indicator/NY.GDP.PCAP.PP.CD?date=2024&format=json&per_page=20000,https://api.worldbank.org/v2/country?format=json&per_page=20000
TTO,Trinidad and Tobago,1.536,36381.2720794439,Latin America & Caribbean ,High income,2024,https://api.worldbank.org/v2/country/all/indicator/SP.DYN.TFRT.IN?date=2024&format=json&per_page=20000,https://api.worldbank.org/v2/country/all/indicator/NY.GDP.PCAP.PP.CD?date=2024&format=json&per_page=20000,https://api.worldbank.org/v2/country?format=json&per_page=20000
TUN,Tunisia,1.818,14542.0966234293,"Middle East, North Africa, Afghanistan & Pakistan",Lower middle income,2024,https://api.worldbank.org/v2/country/all/indicator/SP.DYN.TFRT.IN?date=2024&format=json&per_page=20000,https://api.worldbank.org/v2/country/all/indicator/NY.GDP.PCAP.PP.CD?date=2024&format=json&per_page=20000,https://api.worldbank.org/v2/country?format=json&per_page=20000
TUR,Turkiye,1.48,45122.9317187258,Europe & Central Asia,Upper middle income,2024,https://api.worldbank.org/v2/country/all/indicator/SP.DYN.TFRT.IN?date=2024&format=json&per_page=20000,https://api.worldbank.org/v2/country/all/indicator/NY.GDP.PCAP.PP.CD?date=2024&format=json&per_page=20000,https://api.worldbank.org/v2/country?format=json&per_page=20000
TKM,Turkmenistan,2.661,21025.8403822415,Europe & Central Asia,Upper middle income,2024,https://api.worldbank.org/v2/country/all/indicator/SP.DYN.TFRT.IN?date=2024&format=json&per_page=20000,https://api.worldbank.org/v2/country/all/indicator/NY.GDP.PCAP.PP.CD?date=2024&format=json&per_page=20000,https://api.worldbank.org/v2/country?format=json&per_page=20000
TCA,Turks and Caicos Islands,1.452,38009.5079479808,Latin America & Caribbean ,High income,2024,https://api.worldbank.org/v2/country/all/indicator/SP.DYN.TFRT.IN?date=2024&format=json&per_page=20000,https://api.worldbank.org/v2/country/all/indicator/NY.GDP.PCAP.PP.CD?date=2024&format=json&per_page=20000,https://api.worldbank.org/v2/country?format=json&per_page=20000
TUV,Tuvalu,3.174,6365.76616505123,East Asia & Pacific,Upper middle income,2024,https://api.worldbank.org/v2/country/all/indicator/SP.DYN.TFRT.IN?date=2024&format=json&per_page=20000,https://api.worldbank.org/v2/country/all/indicator/NY.GDP.PCAP.PP.CD?date=2024&format=json&per_page=20000,https://api.worldbank.org/v2/country?format=json&per_page=20000
UGA,Uganda,4.165,3278.02086557843,Sub-Saharan Africa ,Low income,2024,https://api.worldbank.org/v2/country/all/indicator/SP.DYN.TFRT.IN?date=2024&format=json&per_page=20000,https://api.worldbank.org/v2/country/all/indicator/NY.GDP.PCAP.PP.CD?date=2024&format=json&per_page=20000,https://api.worldbank.org/v2/country?format=json&per_page=20000
UKR,Ukraine,0.988,18636.13671875,Europe & Central Asia,Upper middle income,2024,https://api.worldbank.org/v2/country/all/indicator/SP.DYN.TFRT.IN?date=2024&format=json&per_page=20000,https://api.worldbank.org/v2/country/all/indicator/NY.GDP.PCAP.PP.CD?date=2024&format=json&per_page=20000,https://api.worldbank.org/v2/country?format=json&per_page=20000
ARE,United Arab Emirates,1.213,79343.7793099888,"Middle East, North Africa, Afghanistan & Pakistan",High income,2024,https://api.worldbank.org/v2/country/all/indicator/SP.DYN.TFRT.IN?date=2024&format=json&per_page=20000,https://api.worldbank.org/v2/country/all/indicator/NY.GDP.PCAP.PP.CD?date=2024&format=json&per_page=20000,https://api.worldbank.org/v2/country?format=json&per_page=20000
GBR,United Kingdom,1.551,62839.4679324927,Europe & Central Asia,High income,2024,https://api.worldbank.org/v2/country/all/indicator/SP.DYN.TFRT.IN?date=2024&format=json&per_page=20000,https://api.worldbank.org/v2/country/all/indicator/NY.GDP.PCAP.PP.CD?date=2024&format=json&per_page=20000,https://api.worldbank.org/v2/country?format=json&per_page=20000
USA,United States,1.6265,86169.6641581914,North America,High income,2024,https://api.worldbank.org/v2/country/all/indicator/SP.DYN.TFRT.IN?date=2024&format=json&per_page=20000,https://api.worldbank.org/v2/country/all/indicator/NY.GDP.PCAP.PP.CD?date=2024&format=json&per_page=20000,https://api.worldbank.org/v2/country?format=json&per_page=20000
URY,Uruguay,1.397,36596.7847357669,Latin America & Caribbean ,High income,2024,https://api.worldbank.org/v2/country/all/indicator/SP.DYN.TFRT.IN?date=2024&format=json&per_page=20000,https://api.worldbank.org/v2/country/all/indicator/NY.GDP.PCAP.PP.CD?date=2024&format=json&per_page=20000,https://api.worldbank.org/v2/country?format=json&per_page=20000
UZB,Uzbekistan,3.486,12518.4323028403,Europe & Central Asia,Lower middle income,2024,https://api.worldbank.org/v2/country/all/indicator/SP.DYN.TFRT.IN?date=2024&format=json&per_page=20000,https://api.worldbank.org/v2/country/all/indicator/NY.GDP.PCAP.PP.CD?date=2024&format=json&per_page=20000,https://api.worldbank.org/v2/country?format=json&per_page=20000
VUT,Vanuatu,3.569,4367.82503750089,East Asia & Pacific,Lower middle income,2024,https://api.worldbank.org/v2/country/all/indicator/SP.DYN.TFRT.IN?date=2024&format=json&per_page=20000,https://api.worldbank.org/v2/country/all/indicator/NY.GDP.PCAP.PP.CD?date=2024&format=json&per_page=20000,https://api.worldbank.org/v2/country?format=json&per_page=20000
VEN,"Venezuela, RB",2.077,,Latin America & Caribbean ,Lower middle income,2024,https://api.worldbank.org/v2/country/all/indicator/SP.DYN.TFRT.IN?date=2024&format=json&per_page=20000,https://api.worldbank.org/v2/country/all/indicator/NY.GDP.PCAP.PP.CD?date=2024&format=json&per_page=20000,https://api.worldbank.org/v2/country?format=json&per_page=20000
VNM,Viet Nam,1.895,16387.9087954113,East Asia & Pacific,Upper middle income,2024,https://api.worldbank.org/v2/country/all/indicator/SP.DYN.TFRT.IN?date=2024&format=json&per_page=20000,https://api.worldbank.org/v2/country/all/indicator/NY.GDP.PCAP.PP.CD?date=2024&format=json&per_page=20000,https://api.worldbank.org/v2/country?format=json&per_page=20000
VIR,Virgin Islands (U.S.),1.97,,Latin America & Caribbean ,High income,2024,https://api.worldbank.org/v2/country/all/indicator/SP.DYN.TFRT.IN?date=2024&format=json&per_page=20000,https://api.worldbank.org/v2/country/all/indicator/NY.GDP.PCAP.PP.CD?date=2024&format=json&per_page=20000,https://api.worldbank.org/v2/country?format=json&per_page=20000
PSE,West Bank and Gaza,3.25,4770.6463157404,"Middle East, North Africa, Afghanistan & Pakistan",Lower middle income,2024,https://api.worldbank.org/v2/country/all/indicator/SP.DYN.TFRT.IN?date=2024&format=json&per_page=20000,https://api.worldbank.org/v2/country/all/indicator/NY.GDP.PCAP.PP.CD?date=2024&format=json&per_page=20000,https://api.worldbank.org/v2/country?format=json&per_page=20000
YEM,"Yemen, Rep.",4.499,,"Middle East, North Africa, Afghanistan & Pakistan",Low income,2024,https://api.worldbank.org/v2/country/all/indicator/SP.DYN.TFRT.IN?date=2024&format=json&per_page=20000,https://api.worldbank.org/v2/country/all/indicator/NY.GDP.PCAP.PP.CD?date=2024&format=json&per_page=20000,https://api.worldbank.org/v2/country?format=json&per_page=20000
ZMB,Zambia,4.036,4221.01397093025,Sub-Saharan Africa ,Lower middle income,2024,https://api.worldbank.org/v2/country/all/indicator/SP.DYN.TFRT.IN?date=2024&format=json&per_page=20000,https://api.worldbank.org/v2/country/all/indicator/NY.GDP.PCAP.PP.CD?date=2024&format=json&per_page=20000,https://api.worldbank.org/v2/country?format=json&per_page=20000
ZWE,Zimbabwe,3.674,5932.87021993648,Sub-Saharan Africa ,Lower middle income,2024,https://api.worldbank.org/v2/country/all/indicator/SP.DYN.TFRT.IN?date=2024&format=json&per_page=20000,https://api.worldbank.org/v2/country/all/indicator/NY.GDP.PCAP.PP.CD?date=2024&format=json&per_page=20000,https://api.worldbank.org/v2/country?format=json&per_page=20000
